{
  "best_score": 0.7616027735787944,
  "val_metrics": {
    "ce": 0.06786684541890219,
    "mse": 0.014828095992522205,
    "acc": 0.9907052516937256,
    "macro_f1": 0.7920454417038277,
    "rmse": 0.12177067250013351,
    "mae": 0.09771642833948135
  }
}